<?xml version="1.0" encoding="utf-8"?>
<odoo>
    <data>

        <record model="ir.module.category" id="module_fo_front_office">
                <field name="name">Reception</field>
                <field name="sequence">0</field>
                <field name="visible" eval="0" />
        </record>

        <record id="group_receptionist" model="res.groups">
            <field name="name">Receptionist</field>
            <field name="category_id" ref="module_fo_front_office"/>
        </record>

    </data>
</odoo>